{"stats":{"minecraft:dropped":{"minecraft:purple_dye":1},"minecraft:picked_up":{"minecraft:flint_and_steel":2},"minecraft:used":{"minecraft:creeper_spawn_egg":4,"minecraft:magma_cube_spawn_egg":3,"minecraft:diamond_shovel":58,"minecraft:bow":21,"minecraft:flint_and_steel":1,"minecraft:snow_block":9,"minecraft:chain_command_block":10,"minecraft:ender_pearl":1,"minecraft:golden_shovel":427,"minecraft:tropical_fish_spawn_egg":1},"minecraft:mined":{"minecraft:snow_block":480,"minecraft:snow":3,"minecraft:jukebox":1,"minecraft:wall_torch":1},"minecraft:custom":{"minecraft:time_since_rest":18623,"minecraft:crouch_one_cm":201,"minecraft:sprint_one_cm":72765,"minecraft:play_time":18623,"minecraft:damage_taken":1355,"minecraft:walk_one_cm":36380,"minecraft:sneak_time":339,"minecraft:mob_kills":2,"minecraft:drop":1,"minecraft:jump":281,"minecraft:damage_dealt":25,"minecraft:leave_game":2,"minecraft:time_since_death":18623,"minecraft:total_world_time":23673,"minecraft:damage_resisted":88,"minecraft:fall_one_cm":15797,"minecraft:fly_one_cm":133533},"minecraft:broken":{"minecraft:golden_shovel":3}},"DataVersion":2975}