{"stat.useItem.minecraft.bow":2249,"stat.useItem.minecraft.chain_command_block":42,"stat.useItem.minecraft.quartz_block":303,"stat.useItem.minecraft.repeater":355,"stat.leaveGame":402,"stat.useItem.minecraft.beacon":1,"stat.useItem.minecraft.skull":26,"stat.useItem.minecraft.repeating_command_block":9,"stat.useItem.minecraft.diamond_sword":19,"stat.useItem.minecraft.glowstone":5,"stat.killEntity.PigZombie":1,"stat.swimOneCm":1759,"stat.useItem.minecraft.snow":403,"stat.useItem.minecraft.planks":177,"stat.climbOneCm":10296,"stat.useItem.minecraft.golden_shovel":22005,"stat.useItem.minecraft.fire_charge":2,"stat.entityKilledBy.PigZombie":1,"stat.useItem.minecraft.redstone_torch":240,"stat.useItem.minecraft.dirt":43,"achievement.exploreAllBiomes":{"value":0,"progress":["Plains"]},"stat.entityKilledBy.Spider":1,"stat.useItem.minecraft.egg":835,"stat.useItem.minecraft.record_cat":1,"stat.useItem.minecraft.stone_shovel":13,"stat.useItem.minecraft.anvil":2,"stat.flyOneCm":21946649,"stat.mineBlock.minecraft.snow_layer":20,"stat.useItem.minecraft.ender_pearl":213,"stat.pickup.minecraft.glass_bottle":1,"stat.useItem.minecraft.record_strad":1,"stat.useItem.minecraft.cooked_beef":2,"stat.killEntity.Villager":6,"stat.timeSinceDeath":36949,"stat.useItem.minecraft.fence_gate":1,"stat.useItem.minecraft.sign":837,"stat.useItem.minecraft.spawn_egg":1322,"stat.useItem.minecraft.iron_shovel":208,"stat.killEntity.Bat":8,"stat.pickup.minecraft.armor_stand":2,"stat.useItem.minecraft.lever":160,"stat.useItem.minecraft.armor_stand":14,"stat.talkedToVillager":2,"stat.drop.minecraft.spawn_egg":3,"stat.craftItem.minecraft.leather_helmet":2,"stat.useItem.minecraft.redstone":1556,"stat.useItem.minecraft.sea_lantern":27,"stat.useItem.minecraft.milk_bucket":1,"stat.entityKilledBy.Skeleton":8,"stat.useItem.minecraft.trapdoor":46,"stat.useItem.minecraft.stained_glass":5,"stat.useItem.minecraft.diamond_shovel":9738,"stat.useItem.minecraft.diamond_block":61,"stat.sprintOneCm":5597499,"stat.useItem.minecraft.fence":63,"stat.drop.minecraft.potion":3,"stat.useItem.minecraft.stone_slab":200,"stat.useItem.minecraft.ice":14,"achievement.openInventory":1547,"stat.pickup.minecraft.potion":4,"stat.useItem.minecraft.snowball":351,"stat.useItem.minecraft.flint_and_steel":325,"stat.useItem.minecraft.stone_pressure_plate":206,"stat.useItem.minecraft.diamond_pickaxe":5,"stat.useItem.minecraft.lingering_potion":1,"stat.useItem.minecraft.hopper":24,"stat.entityKilledBy.Creeper":34,"stat.breakItem.minecraft.golden_shovel":118,"stat.pickup.minecraft.spawn_egg":115,"stat.deaths":313,"stat.drop":448,"stat.playOneMinute":3902151,"stat.useItem.minecraft.wooden_sword":7,"stat.useItem.minecraft.banner":3,"stat.useItem.minecraft.ladder":8,"stat.killEntity.Zombie":1,"stat.drop.minecraft.glass_bottle":1,"stat.useItem.minecraft.jukebox":20,"stat.diveOneCm":309,"stat.useItem.minecraft.splash_potion":8,"stat.useItem.minecraft.sticky_piston":2,"stat.useItem.minecraft.record_wait":1,"stat.useItem.minecraft.stone":23,"stat.useItem.minecraft.quartz_stairs":101,"stat.killEntity.Slime":10,"stat.useItem.minecraft.diamond_axe":41,"stat.useItem.minecraft.heavy_weighted_pressure_plate":9,"stat.useItem.minecraft.potion":81,"stat.useItem.minecraft.iron_trapdoor":9,"stat.jump":20062,"stat.useItem.minecraft.experience_bottle":256,"stat.pickup.minecraft.coal":16,"stat.fallOneCm":992303,"stat.drop.minecraft.stone":1,"stat.crouchOneCm":97817,"stat.useItem.minecraft.stone_button":119,"stat.pickup.minecraft.experience_bottle":30,"stat.useItem.minecraft.glass":104,"stat.useItem.minecraft.redstone_lamp":8,"stat.damageTaken":120757,"stat.useItem.minecraft.furnace":4,"stat.useItem.minecraft.gold_block":91,"stat.mineBlock.minecraft.snow":31738,"stat.entityKilledBy.Zombie":5,"stat.useItem.minecraft.record_chirp":1,"stat.damageDealt":7123,"stat.useItem.minecraft.wool":406,"stat.useItem.minecraft.crafting_table":2,"stat.mineBlock.minecraft.dirt":1,"stat.useItem.minecraft.iron_bars":4,"stat.useItem.minecraft.command_block":1391,"stat.pickup.minecraft.flint_and_steel":1,"stat.walkOneCm":10324685,"stat.useItem.minecraft.torch":46,"stat.useItem.minecraft.chest":3,"stat.playerKills":3,"stat.useItem.minecraft.comparator":106,"stat.useItem.minecraft.cobblestone":5,"stat.useItem.minecraft.tnt":695,"stat.useItem.minecraft.record_far":1,"stat.useItem.minecraft.redstone_block":160,"stat.pickup.minecraft.stone":8,"stat.useItem.minecraft.glass_pane":28,"stat.killEntity.Skeleton":2,"stat.mineBlock.minecraft.tnt":3,"stat.entityKilledBy.Wolf":1,"stat.useItem.minecraft.barrier":461,"stat.killEntity.Chicken":2,"stat.craftItem.minecraft.snow":16,"stat.mineBlock.minecraft.redstone_torch":3,"stat.useItem.minecraft.iron_block":3541,"stat.killEntity.Spider":1,"stat.useItem.minecraft.daylight_detector":3,"stat.mobKills":143,"stat.useItem.minecraft.golden_apple":4,"stat.useItem.minecraft.cobblestone_wall":6,"stat.pickup.minecraft.diamond":1,"stat.breakItem.minecraft.diamond_shovel":25,"stat.sneakTime":10641,"stat.useItem.minecraft.brewing_stand":1,"stat.mineBlock.minecraft.jukebox":173,"stat.mineBlock.minecraft.stone":1,"stat.useItem.minecraft.record_blocks":1,"stat.useItem.minecraft.fishing_rod":2}