{"stat.useItem.minecraft.bow":25,"stat.pickup.minecraft.lingering_potion":7,"stat.pickup.minecraft.bone":3,"stat.useItem.minecraft.quartz_block":14,"stat.leaveGame":170,"stat.pickup.minecraft.deadbush":1,"stat.entityKilledBy.Witch":1,"stat.useItem.minecraft.snow":65,"stat.useItem.minecraft.planks":27,"stat.climbOneCm":842,"stat.useItem.minecraft.golden_shovel":5458,"stat.useItem.minecraft.dirt":5,"stat.pickup.minecraft.bow":3,"achievement.exploreAllBiomes":{"value":0,"progress":["Plains"]},"stat.pickup.minecraft.splash_potion":13,"stat.useItem.minecraft.egg":35,"stat.drop.minecraft.splash_potion":1,"stat.flyOneCm":3315829,"stat.useItem.minecraft.ender_pearl":317,"stat.pickup.minecraft.chainmail_chestplate":1,"stat.timeSinceDeath":7617,"stat.useItem.minecraft.sign":17,"stat.useItem.minecraft.spawn_egg":106,"stat.useItem.minecraft.iron_shovel":249,"stat.breakItem.minecraft.flint_and_steel":1,"stat.pickup.minecraft.armor_stand":2,"stat.pickup.minecraft.iron_shovel":1,"stat.useItem.minecraft.armor_stand":6,"stat.drop.minecraft.spawn_egg":15,"stat.useItem.minecraft.redstone":1,"stat.useItem.minecraft.milk_bucket":2,"stat.entityKilledBy.Skeleton":1,"stat.useItem.minecraft.trapdoor":15,"stat.useItem.minecraft.diamond_shovel":1492,"stat.useItem.minecraft.diamond_block":31,"stat.sprintOneCm":1898618,"stat.useItem.minecraft.fence":5,"stat.drop.minecraft.potion":1,"stat.useItem.minecraft.stone_slab":65,"achievement.openInventory":246,"stat.pickup.minecraft.potion":8,"stat.useItem.minecraft.snowball":15,"stat.useItem.minecraft.flint_and_steel":206,"stat.useItem.minecraft.lingering_potion":8,"stat.entityKilledBy.Creeper":41,"stat.breakItem.minecraft.golden_shovel":26,"stat.pickup.minecraft.spawn_egg":59,"stat.deaths":268,"stat.drop":112,"stat.playOneMinute":837031,"stat.pickup.minecraft.jukebox":12,"stat.entityKilledBy.Slime":1,"stat.useItem.minecraft.jukebox":94,"stat.chestOpened":28,"stat.useItem.minecraft.splash_potion":12,"stat.useItem.minecraft.stone":1,"stat.useItem.minecraft.quartz_stairs":6,"stat.pickup.minecraft.arrow":10,"stat.killEntity.Slime":1,"stat.useItem.minecraft.diamond_axe":138,"stat.useItem.minecraft.potion":19,"stat.jump":9920,"stat.useItem.minecraft.experience_bottle":76,"stat.pickup.minecraft.coal":32,"stat.fallOneCm":928889,"stat.crouchOneCm":35519,"stat.mineBlock.minecraft.chest":1,"stat.pickup.minecraft.experience_bottle":10,"stat.pickup.minecraft.snow":21,"stat.damageTaken":108045,"stat.mineBlock.minecraft.snow":7052,"stat.entityKilledBy.Zombie":2,"stat.pickup.minecraft.diamond_axe":2,"stat.damageDealt":2405,"stat.useItem.minecraft.wool":28,"stat.useItem.minecraft.command_block":1,"stat.pickup.minecraft.flint_and_steel":2,"stat.walkOneCm":3154001,"stat.pickup.minecraft.golden_apple":3,"stat.useItem.minecraft.chest":4,"stat.playerKills":1,"stat.useItem.minecraft.tnt":19,"stat.pickup.minecraft.ender_pearl":3,"stat.mineBlock.minecraft.tnt":120,"stat.killEntity.Chicken":3,"stat.craftItem.minecraft.snow":23,"stat.useItem.minecraft.iron_block":3,"stat.killEntity.Spider":1,"stat.mobKills":12,"stat.useItem.minecraft.golden_apple":5,"stat.sneakTime":203,"stat.mineBlock.minecraft.jukebox":218}