{
  "type": "minecraft:entity",
  "pools": [
    {
      "rolls": 1,
      "entries": [
        {
          "type": "minecraft:item",
          "name": "minecraft:nether_star",
          "functions": [
            {
              "function": "minecraft:copy_custom_data",
              "source": {
                "type": "minecraft:context",
                "target": "this"
              },
              "ops": [
                {
                  "source": "Tags",
                  "target": "OriginatorTags",
                  "op": "append"
                },
                {
                  "source": "CustomName",
                  "target": "Orig_CustomName",
                  "op": "append"
                }
              ]
            }
          ]
        }
      ]
    }
  ]
}