{"stat.useItem.minecraft.bow":2559,"stat.useItem.minecraft.chain_command_block":467,"stat.useItem.minecraft.quartz_block":484,"stat.leaveGame":536,"stat.pickup.minecraft.deadbush":2,"stat.pickup.minecraft.record_stal":1,"stat.useItem.minecraft.repeating_command_block":52,"stat.useItem.minecraft.glowstone":11,"stat.killEntity.PigZombie":1,"stat.useItem.minecraft.planks":177,"stat.useItem.minecraft.golden_shovel":28736,"stat.useItem.minecraft.fire_charge":3,"stat.entityKilledBy.PigZombie":1,"stat.pickup.minecraft.sand":1,"stat.entityKilledBy.Spider":1,"stat.useItem.minecraft.record_cat":2,"stat.useItem.minecraft.anvil":3,"stat.mineBlock.minecraft.snow_layer":20,"stat.useItem.minecraft.ender_pearl":297,"stat.useItem.minecraft.record_strad":3,"stat.killEntity.Villager":6,"stat.useItem.minecraft.fence_gate":1,"stat.useItem.minecraft.spawn_egg":1503,"stat.drop.minecraft.ender_eye":1,"stat.pickup.minecraft.packed_ice":2,"stat.useItem.minecraft.iron_shovel":372,"stat.breakItem.minecraft.flint_and_steel":5,"stat.pickup.minecraft.armor_stand":8,"stat.drop.minecraft.wooden_shovel":11,"stat.pickup.minecraft.record_far":1,"stat.craftItem.minecraft.leather_helmet":2,"stat.useItem.minecraft.redstone":1765,"stat.useItem.minecraft.trapdoor":46,"stat.useItem.minecraft.stained_glass":154,"stat.useItem.minecraft.fence":63,"stat.useItem.minecraft.ice":76,"achievement.openInventory":2179,"stat.pickup.minecraft.potion":4,"stat.useItem.minecraft.flint_and_steel":343,"stat.useItem.minecraft.lingering_potion":15,"stat.useItem.minecraft.hopper":24,"stat.pickup.minecraft.lever":1,"stat.deaths":360,"stat.drop.minecraft.chain_command_block":6,"stat.playOneMinute":5617036,"stat.pickup.minecraft.item_frame":14,"stat.drop.minecraft.glass_bottle":1,"stat.useItem.minecraft.jukebox":23,"stat.chestOpened":8,"stat.useItem.minecraft.splash_potion":8,"stat.recordPlayed":11,"stat.useItem.minecraft.stone":24,"stat.drop.minecraft.packed_ice":7,"stat.pickup.minecraft.arrow":15,"stat.useItem.minecraft.packed_ice":281,"stat.useItem.minecraft.experience_bottle":331,"stat.fallOneCm":1335833,"stat.drop.minecraft.stone":1,"stat.crouchOneCm":121973,"stat.drop.minecraft.bone":1,"stat.useItem.minecraft.furnace":4,"stat.mineBlock.minecraft.snow":50810,"stat.useItem.minecraft.record_chirp":2,"stat.drop.minecraft.snow":9,"stat.useItem.minecraft.wool":461,"stat.useItem.minecraft.record_13":1,"stat.mineBlock.minecraft.dirt":1,"stat.drop.minecraft.stick":3,"stat.useItem.minecraft.iron_bars":4,"stat.pickup.minecraft.record_13":1,"stat.pickup.minecraft.flint_and_steel":2,"stat.useItem.minecraft.torch":63,"stat.pickup.minecraft.golden_apple":3,"stat.useItem.minecraft.comparator":120,"stat.useItem.minecraft.cobblestone":5,"stat.useItem.minecraft.record_far":2,"stat.drop.minecraft.sign":1,"stat.useItem.minecraft.glass_pane":28,"stat.drop.minecraft.bow":1,"stat.useItem.minecraft.record_mellohi":1,"stat.entityKilledBy.Wolf":1,"stat.useItem.minecraft.barrier":556,"stat.craftItem.minecraft.snow":16,"stat.useItem.minecraft.daylight_detector":3,"stat.sneakTime":59020,"stat.useItem.minecraft.brewing_stand":1,"stat.mineBlock.minecraft.jukebox":217,"stat.useItem.minecraft.record_blocks":2,"stat.useItem.minecraft.fishing_rod":2,"stat.pickup.minecraft.lingering_potion":18,"stat.pickup.minecraft.bone":5,"stat.useItem.minecraft.repeater":374,"stat.pickup.minecraft.record_blocks":1,"stat.useItem.minecraft.beacon":1,"stat.useItem.minecraft.skull":26,"stat.useItem.minecraft.diamond_sword":35,"stat.swimOneCm":1759,"stat.useItem.minecraft.snow":926,"stat.climbOneCm":10296,"stat.useItem.minecraft.redstone_torch":262,"stat.useItem.minecraft.obsidian":4,"stat.useItem.minecraft.dirt":43,"stat.pickup.minecraft.bow":1,"achievement.exploreAllBiomes":{"value":0,"progress":["Plains"]},"stat.pickup.minecraft.chorus_fruit_popped":5,"stat.useItem.minecraft.egg":1089,"stat.pickup.minecraft.anvil":1,"stat.pickup.minecraft.record_chirp":1,"stat.useItem.minecraft.stone_shovel":13,"stat.flyOneCm":29757931,"stat.pickup.minecraft.glass_bottle":1,"stat.useItem.minecraft.cooked_beef":2,"stat.timeSinceDeath":108807,"stat.useItem.minecraft.sign":1270,"stat.killEntity.Bat":18,"stat.drop.minecraft.coal":32,"stat.useItem.minecraft.lever":214,"stat.drop.minecraft.golden_boots":8,"stat.pickup.minecraft.iron_shovel":2,"stat.pickup.minecraft.diamond_shovel":80,"stat.drop.minecraft.wool":1,"stat.useItem.minecraft.armor_stand":18,"stat.talkedToVillager":2,"stat.drop.minecraft.spawn_egg":15,"stat.useItem.minecraft.sea_lantern":27,"stat.useItem.minecraft.milk_bucket":1,"stat.entityKilledBy.Skeleton":8,"stat.useItem.minecraft.diamond_shovel":21948,"stat.useItem.minecraft.diamond_block":61,"stat.sprintOneCm":9043400,"stat.drop.minecraft.potion":3,"stat.useItem.minecraft.stone_slab":200,"stat.useItem.minecraft.snowball":358,"stat.useItem.minecraft.stone_pressure_plate":206,"stat.useItem.minecraft.diamond_pickaxe":5,"stat.useItem.minecraft.wooden_shovel":7,"stat.entityKilledBy.Creeper":37,"stat.breakItem.minecraft.golden_shovel":155,"stat.pickup.minecraft.spawn_egg":191,"stat.drop":566,"stat.useItem.minecraft.wooden_sword":7,"stat.pickup.minecraft.jukebox":2,"stat.useItem.minecraft.banner":131,"stat.useItem.minecraft.ladder":8,"stat.killEntity.Zombie":1,"stat.diveOneCm":309,"stat.pickup.minecraft.record_strad":2,"stat.useItem.minecraft.sticky_piston":2,"stat.useItem.minecraft.record_wait":2,"stat.useItem.minecraft.quartz_stairs":101,"stat.drop.minecraft.chorus_fruit_popped":21,"stat.killEntity.Slime":10,"stat.useItem.minecraft.diamond_axe":46,"stat.drop.minecraft.golden_shovel":2,"stat.useItem.minecraft.heavy_weighted_pressure_plate":9,"stat.useItem.minecraft.potion":81,"stat.useItem.minecraft.iron_trapdoor":9,"stat.jump":25518,"stat.pickup.minecraft.coal":80,"stat.useItem.minecraft.stone_button":132,"stat.pickup.minecraft.experience_bottle":50,"stat.useItem.minecraft.light_weighted_pressure_plate":5,"stat.useItem.minecraft.glass":116,"stat.pickup.minecraft.snow":28,"stat.useItem.minecraft.redstone_lamp":13,"stat.damageTaken":168710,"stat.useItem.minecraft.end_crystal":3,"stat.useItem.minecraft.gold_block":97,"stat.entityKilledBy.Zombie":6,"stat.pickup.minecraft.diamond_axe":5,"stat.damageDealt":7967,"stat.useItem.minecraft.crafting_table":2,"stat.pickup.minecraft.record_wait":1,"stat.useItem.minecraft.command_block":1600,"stat.walkOneCm":11840372,"stat.useItem.minecraft.chest":4,"stat.playerKills":3,"stat.useItem.minecraft.tnt":727,"stat.useItem.minecraft.redstone_block":219,"stat.useItem.minecraft.item_frame":10,"stat.pickup.minecraft.stone":8,"stat.pickup.minecraft.ender_pearl":12,"stat.mineBlock.minecraft.packed_ice":1,"stat.useItem.minecraft.record_mall":1,"stat.killEntity.Skeleton":6,"stat.pickup.minecraft.record_mall":1,"stat.pickup.minecraft.record_mellohi":1,"stat.mineBlock.minecraft.tnt":3,"stat.drop.minecraft.deadbush":1,"stat.killEntity.Chicken":2,"stat.mineBlock.minecraft.redstone_torch":3,"stat.useItem.minecraft.iron_block":3619,"stat.killEntity.Spider":1,"stat.mobKills":190,"stat.useItem.minecraft.golden_apple":6,"stat.useItem.minecraft.cobblestone_wall":8,"stat.pickup.minecraft.diamond":1,"stat.breakItem.minecraft.diamond_shovel":41,"stat.breakItem.minecraft.wooden_shovel":1,"stat.drop.minecraft.diamond_shovel":2,"stat.drop.minecraft.arrow":5,"stat.useItem.minecraft.record_stal":1,"stat.mineBlock.minecraft.stone":1}