{"stat.beaconInteraction":1,"stat.useItem.minecraft.bow":2053,"stat.useItem.minecraft.quartz_block":303,"stat.useItem.minecraft.repeater":352,"stat.leaveGame":357,"stat.useItem.minecraft.beacon":1,"stat.useItem.minecraft.skull":26,"stat.useItem.minecraft.diamond_sword":19,"stat.useItem.minecraft.glowstone":5,"stat.killEntity.PigZombie":1,"stat.swimOneCm":1759,"stat.useItem.minecraft.snow":401,"stat.useItem.minecraft.planks":177,"stat.climbOneCm":10296,"stat.useItem.minecraft.golden_shovel":21770,"stat.useItem.minecraft.fire_charge":2,"stat.entityKilledBy.PigZombie":1,"stat.useItem.minecraft.redstone_torch":227,"stat.useItem.minecraft.dirt":43,"achievement.exploreAllBiomes":{"value":0,"progress":["Plains"]},"stat.entityKilledBy.Spider":1,"stat.useItem.minecraft.egg":707,"stat.useItem.minecraft.record_cat":1,"stat.useItem.minecraft.stone_shovel":13,"stat.useItem.minecraft.anvil":2,"stat.flyOneCm":20052039,"stat.mineBlock.minecraft.snow_layer":20,"stat.useItem.minecraft.ender_pearl":213,"stat.useItem.minecraft.record_strad":1,"stat.useItem.minecraft.cooked_beef":2,"stat.killEntity.Villager":6,"stat.timeSinceDeath":35438,"stat.hopperInspected":14,"stat.useItem.minecraft.fence_gate":1,"stat.useItem.minecraft.sign":760,"stat.useItem.minecraft.spawn_egg":1233,"stat.useItem.minecraft.iron_shovel":208,"stat.killEntity.Bat":8,"stat.useItem.minecraft.lever":147,"stat.useItem.minecraft.armor_stand":13,"stat.talkedToVillager":2,"stat.craftItem.minecraft.leather_helmet":2,"stat.useItem.minecraft.redstone":1505,"stat.useItem.minecraft.sea_lantern":27,"stat.useItem.minecraft.milk_bucket":1,"stat.entityKilledBy.Skeleton":8,"stat.useItem.minecraft.trapdoor":46,"stat.useItem.minecraft.stained_glass":5,"stat.useItem.minecraft.diamond_shovel":8986,"stat.useItem.minecraft.diamond_block":61,"stat.sprintOneCm":5335951,"stat.useItem.minecraft.fence":63,"stat.useItem.minecraft.stone_slab":200,"stat.useItem.minecraft.ice":14,"achievement.openInventory":1402,"stat.useItem.minecraft.snowball":351,"stat.useItem.minecraft.flint_and_steel":325,"stat.useItem.minecraft.stone_pressure_plate":206,"stat.useItem.minecraft.diamond_pickaxe":5,"stat.useItem.minecraft.hopper":24,"stat.entityKilledBy.Creeper":32,"stat.breakItem.minecraft.golden_shovel":117,"stat.deaths":294,"stat.drop":440,"stat.playOneMinute":3413463,"stat.useItem.minecraft.wooden_sword":7,"stat.useItem.minecraft.banner":3,"stat.useItem.minecraft.ladder":8,"stat.killEntity.Zombie":1,"stat.useItem.minecraft.jukebox":20,"stat.diveOneCm":309,"stat.chestOpened":37,"stat.useItem.minecraft.sticky_piston":2,"stat.useItem.minecraft.record_wait":1,"stat.recordPlayed":6,"stat.useItem.minecraft.stone":23,"stat.useItem.minecraft.quartz_stairs":101,"stat.killEntity.Slime":10,"stat.useItem.minecraft.diamond_axe":41,"stat.useItem.minecraft.heavy_weighted_pressure_plate":9,"stat.useItem.minecraft.potion":78,"stat.useItem.minecraft.iron_trapdoor":9,"stat.jump":18796,"stat.useItem.minecraft.experience_bottle":202,"stat.fallOneCm":853081,"stat.crouchOneCm":93395,"stat.useItem.minecraft.stone_button":119,"stat.craftingTableInteraction":3,"stat.useItem.minecraft.glass":94,"stat.useItem.minecraft.redstone_lamp":8,"stat.damageTaken":107347,"stat.useItem.minecraft.furnace":4,"stat.useItem.minecraft.gold_block":91,"stat.mineBlock.minecraft.snow":30753,"stat.entityKilledBy.Zombie":5,"stat.useItem.minecraft.record_chirp":1,"stat.damageDealt":6935,"stat.useItem.minecraft.wool":406,"stat.useItem.minecraft.crafting_table":2,"stat.mineBlock.minecraft.dirt":1,"stat.useItem.minecraft.iron_bars":4,"stat.useItem.minecraft.command_block":1348,"stat.walkOneCm":10029481,"stat.useItem.minecraft.torch":46,"stat.useItem.minecraft.chest":3,"stat.playerKills":3,"stat.useItem.minecraft.comparator":98,"stat.useItem.minecraft.cobblestone":5,"stat.useItem.minecraft.tnt":695,"stat.useItem.minecraft.record_far":1,"stat.useItem.minecraft.redstone_block":137,"stat.useItem.minecraft.glass_pane":28,"stat.killEntity.Skeleton":2,"stat.mineBlock.minecraft.tnt":3,"stat.entityKilledBy.Wolf":1,"stat.useItem.minecraft.barrier":457,"stat.killEntity.Chicken":2,"stat.craftItem.minecraft.snow":16,"stat.mineBlock.minecraft.redstone_torch":3,"stat.useItem.minecraft.iron_block":3449,"stat.killEntity.Spider":1,"stat.useItem.minecraft.daylight_detector":3,"stat.mobKills":143,"stat.useItem.minecraft.golden_apple":4,"stat.useItem.minecraft.cobblestone_wall":6,"stat.breakItem.minecraft.diamond_shovel":25,"stat.useItem.minecraft.brewing_stand":1,"stat.mineBlock.minecraft.jukebox":169,"stat.mineBlock.minecraft.stone":1,"stat.useItem.minecraft.record_blocks":1,"stat.useItem.minecraft.fishing_rod":2}