{"stat.chestOpened":28,"stat.useItem.minecraft.bow":23,"stat.useItem.minecraft.quartz_block":14,"stat.useItem.minecraft.stone":1,"stat.useItem.minecraft.quartz_stairs":6,"stat.leaveGame":91,"stat.killEntity.Slime":1,"stat.useItem.minecraft.diamond_axe":77,"stat.entityKilledBy.Witch":1,"stat.useItem.minecraft.potion":19,"stat.jump":9717,"stat.useItem.minecraft.snow":65,"stat.useItem.minecraft.experience_bottle":76,"stat.useItem.minecraft.planks":27,"stat.fallOneCm":892247,"stat.climbOneCm":842,"stat.useItem.minecraft.golden_shovel":5361,"stat.crouchOneCm":35104,"stat.mineBlock.minecraft.chest":1,"stat.useItem.minecraft.dirt":5,"achievement.exploreAllBiomes":{"value":0,"progress":["Plains"]},"stat.useItem.minecraft.egg":28,"stat.damageTaken":103958,"stat.flyOneCm":3265558,"stat.useItem.minecraft.ender_pearl":316,"stat.mineBlock.minecraft.snow":6959,"stat.entityKilledBy.Zombie":2,"stat.damageDealt":2285,"stat.useItem.minecraft.wool":28,"stat.timeSinceDeath":10901,"stat.useItem.minecraft.sign":17,"stat.useItem.minecraft.spawn_egg":77,"stat.useItem.minecraft.iron_shovel":249,"stat.breakItem.minecraft.flint_and_steel":1,"stat.useItem.minecraft.command_block":1,"stat.walkOneCm":3076905,"stat.useItem.minecraft.chest":4,"stat.playerKills":1,"stat.useItem.minecraft.tnt":19,"stat.useItem.minecraft.armor_stand":5,"stat.useItem.minecraft.redstone":1,"stat.useItem.minecraft.milk_bucket":2,"stat.entityKilledBy.Skeleton":1,"stat.useItem.minecraft.trapdoor":15,"stat.useItem.minecraft.diamond_shovel":1492,"stat.useItem.minecraft.diamond_block":31,"stat.sprintOneCm":1823081,"stat.useItem.minecraft.fence":5,"stat.useItem.minecraft.stone_slab":65,"stat.mineBlock.minecraft.tnt":120,"achievement.openInventory":220,"stat.useItem.minecraft.snowball":15,"stat.craftItem.minecraft.snow":23,"stat.useItem.minecraft.flint_and_steel":204,"stat.useItem.minecraft.iron_block":3,"stat.killEntity.Spider":1,"stat.mobKills":9,"stat.entityKilledBy.Creeper":38,"stat.breakItem.minecraft.golden_shovel":25,"stat.useItem.minecraft.golden_apple":4,"stat.deaths":253,"stat.drop":95,"stat.playOneMinute":658323,"stat.entityKilledBy.Slime":1,"stat.mineBlock.minecraft.jukebox":156,"stat.useItem.minecraft.jukebox":88}