{"stats":{"minecraft:picked_up":{"minecraft:lingering_potion":20,"minecraft:redstone_block":7,"minecraft:splash_potion":38,"minecraft:leather_leggings":9,"minecraft:gold_block":3,"minecraft:potion":36,"minecraft:golden_shovel":5,"minecraft:flint_and_steel":18,"minecraft:snow":20,"minecraft:item_frame":5,"minecraft:iron_shovel":11,"minecraft:experience_bottle":180,"minecraft:blue_stained_glass_pane":1,"minecraft:written_book":4,"minecraft:iron_boots":12,"minecraft:jukebox":12,"minecraft:oak_door":14,"minecraft:oak_fence":300,"minecraft:snow_block":183,"minecraft:golden_axe":2,"minecraft:stone_button":1,"minecraft:redstone":12,"minecraft:tnt":51,"minecraft:repeating_command_block":3,"minecraft:arrow":56,"minecraft:command_block":4,"minecraft:light_blue_wool":3,"minecraft:yellow_terracotta":1,"minecraft:blaze_powder":10,"minecraft:barrier":1,"minecraft:purple_dye":19,"minecraft:magma_cream":1,"minecraft:repeater":4,"minecraft:water_bucket":17,"minecraft:golden_leggings":18,"minecraft:chainmail_chestplate":10,"minecraft:sign":68,"minecraft:apple":3,"minecraft:bow":15,"minecraft:creeper_spawn_egg":34,"minecraft:cobweb":24,"minecraft:diamond_helmet":2,"minecraft:chain_command_block":6,"minecraft:milk_bucket":10,"minecraft:lime_concrete":1,"minecraft:sand":1,"minecraft:spectral_arrow":1,"minecraft:red_terracotta":5,"minecraft:diamond_shovel":5,"minecraft:light_blue_terracotta":1,"minecraft:lever":1,"minecraft:blue_ice":1,"minecraft:chorus_fruit":23,"minecraft:red_concrete":1,"minecraft:ender_pearl":44},"minecraft:killed_by":{"minecraft:creeper":23,"minecraft:skeleton":1},"minecraft:broken":{"minecraft:iron_shovel":2,"minecraft:golden_shovel":244},"minecraft:dropped":{"minecraft:repeating_command_block":6,"minecraft:mooshroom_spawn_egg":7,"minecraft:chorus_fruit":85,"minecraft:tnt":1,"minecraft:glass_bottle":1,"minecraft:creeper_spawn_egg":6,"minecraft:oak_fence":20,"minecraft:yellow_terracotta":2,"minecraft:barrier":1,"minecraft:spectral_arrow":3,"minecraft:apple":1,"minecraft:command_block":4,"minecraft:purple_dye":64,"minecraft:stick":9,"minecraft:sign":36,"minecraft:gold_block":1,"minecraft:iron_block":1,"minecraft:stone_button":1,"minecraft:repeater":3,"minecraft:light_blue_wool":1,"minecraft:smooth_quartz":1,"minecraft:diamond_helmet":2,"minecraft:tropical_fish_spawn_egg":2,"minecraft:armor_stand":1,"minecraft:redstone_block":8,"minecraft:redstone":5,"minecraft:oak_door":1,"minecraft:snow_block":14,"minecraft:red_concrete":2,"minecraft:blue_terracotta":1,"minecraft:green_terracotta":1,"minecraft:lime_concrete":2,"minecraft:nether_brick":64,"minecraft:zombie_pigman_spawn_egg":1,"minecraft:diamond_shovel":9,"minecraft:blaze_powder":102,"minecraft:golden_shovel":5,"minecraft:white_terracotta":1,"minecraft:red_terracotta":4,"minecraft:flint_and_steel":2,"minecraft:diamond_sword":1,"minecraft:quartz_stairs":1,"minecraft:blue_ice":2,"minecraft:leather_leggings":1,"minecraft:bow":3,"minecraft:arrow":1,"minecraft:chain_command_block":8,"minecraft:light_blue_terracotta":1,"minecraft:magma_cube_spawn_egg":1,"minecraft:written_book":42,"minecraft:polished_granite":1,"minecraft:quartz_slab":1},"minecraft:used":{"minecraft:oak_fence":44,"minecraft:blue_terracotta":43,"minecraft:trident":40,"minecraft:writable_book":1,"minecraft:enchanting_table":1,"minecraft:iron_shovel":556,"minecraft:flint_and_steel":10,"minecraft:pufferfish_spawn_egg":13,"minecraft:armor_stand":53,"minecraft:red_concrete":81,"minecraft:zombie_villager_spawn_egg":1,"minecraft:redstone":475,"minecraft:light_blue_terracotta":270,"minecraft:black_carpet":8,"minecraft:white_concrete_powder":8,"minecraft:chest":16,"minecraft:white_terracotta":171,"minecraft:ender_chest":8,"minecraft:stone":97,"minecraft:zombie_spawn_egg":3,"minecraft:stripped_jungle_wood":2,"minecraft:stripped_birch_wood":2,"minecraft:quartz_stairs":109,"minecraft:vex_spawn_egg":1,"minecraft:player_head":3,"minecraft:green_terracotta":54,"minecraft:oak_door":8,"minecraft:mooshroom_spawn_egg":100,"minecraft:torch":19,"minecraft:soul_sand":4,"minecraft:anvil":1,"minecraft:golden_shovel":39554,"minecraft:blue_concrete":33,"minecraft:milk_bucket":1,"minecraft:polished_diorite":15,"minecraft:stone_brick_slab":76,"minecraft:brown_terracotta":87,"minecraft:packed_ice":230,"minecraft:sea_lantern":12,"minecraft:stripped_dark_oak_wood":7,"minecraft:villager_spawn_egg":29,"minecraft:quartz_pillar":17,"minecraft:quartz_slab":131,"minecraft:red_wool":74,"minecraft:spruce_wood":159,"minecraft:iron_block":238,"minecraft:light_weighted_pressure_plate":10,"minecraft:quartz_block":164,"minecraft:dark_oak_wood":25,"minecraft:smooth_quartz":73,"minecraft:tropical_fish_spawn_egg":87,"minecraft:magma_cube_spawn_egg":145,"minecraft:item_frame":26,"minecraft:yellow_concrete_powder":16,"minecraft:repeater":122,"minecraft:glowstone":8,"minecraft:bow":1335,"minecraft:redstone_lamp":38,"minecraft:lime_concrete":30,"minecraft:snow":174,"minecraft:written_book":35,"minecraft:salmon_spawn_egg":2,"minecraft:gold_block":133,"minecraft:egg":203,"minecraft:stone_pressure_plate":72,"minecraft:turtle_egg":10,"minecraft:brown_concrete_powder":25,"minecraft:golden_axe":19,"minecraft:stripped_spruce_wood":32,"minecraft:turtle_spawn_egg":1,"minecraft:water_bucket":171,"minecraft:end_rod":1,"minecraft:snow_block":1926,"minecraft:birch_planks":42,"minecraft:chorus_fruit":33,"minecraft:polished_andesite":5,"minecraft:red_nether_bricks":57,"minecraft:lime_wool":43,"minecraft:ender_pearl":94,"minecraft:red_mushroom_block":29,"minecraft:redstone_block":796,"minecraft:diamond_axe":4,"minecraft:vindicator_spawn_egg":1,"minecraft:diamond_block":16,"minecraft:lime_terracotta":17,"minecraft:terracotta":84,"minecraft:comparator":9,"minecraft:yellow_terracotta":30,"minecraft:light_blue_concrete":11,"minecraft:tnt":189,"minecraft:light_blue_wool":10,"minecraft:light_gray_terracotta":9,"minecraft:yellow_concrete":16,"minecraft:blue_ice":280,"minecraft:light_gray_concrete_powder":11,"minecraft:chiseled_quartz_block":15,"minecraft:lingering_potion":14,"minecraft:creeper_spawn_egg":79,"minecraft:redstone_torch":27,"minecraft:black_terracotta":3,"minecraft:sticky_piston":4,"minecraft:piston":2,"minecraft:gray_terracotta":90,"minecraft:lever":83,"minecraft:black_wool":171,"minecraft:firework_rocket":1,"minecraft:diamond_shovel":12478,"minecraft:command_block":369,"minecraft:light_gray_concrete":2,"minecraft:stone_button":46,"minecraft:string":4,"minecraft:brown_wool":58,"minecraft:barrier":254,"minecraft:sign":985,"minecraft:red_terracotta":123,"minecraft:polished_granite":8,"minecraft:iron_door":2,"minecraft:evoker_spawn_egg":1,"minecraft:diamond_sword":6,"minecraft:zombie_pigman_spawn_egg":1,"minecraft:potion":16,"minecraft:light_blue_concrete_powder":4,"minecraft:pufferfish_bucket":1,"minecraft:stripped_oak_wood":43,"minecraft:bucket":3,"minecraft:chain_command_block":947,"minecraft:glass_pane":38,"minecraft:repeating_command_block":57,"minecraft:ice":7,"minecraft:white_concrete":20,"minecraft:splash_potion":22,"minecraft:cobweb":6,"minecraft:jukebox":1,"minecraft:smooth_stone":2,"minecraft:purple_wool":33,"minecraft:experience_bottle":161},"minecraft:killed":{"minecraft:vex":1,"minecraft:husk":3,"minecraft:creeper":2,"minecraft:zombie":3},"minecraft:mined":{"minecraft:snow":107,"minecraft:packed_ice":1,"minecraft:tripwire":5,"minecraft:snow_block":52126,"minecraft:oak_fence":1,"minecraft:wall_torch":38,"minecraft:blue_ice":1,"minecraft:ice":2,"minecraft:jukebox":198},"minecraft:custom":{"minecraft:mob_kills":66,"minecraft:leave_game":123,"minecraft:time_since_death":89785,"minecraft:damage_resisted":32938,"minecraft:sprint_one_cm":4548451,"minecraft:walk_one_cm":3203099,"minecraft:drop":389,"minecraft:deaths":99,"minecraft:sneak_time":106124,"minecraft:walk_under_water_one_cm":94484,"minecraft:jump":17043,"minecraft:walk_on_water_one_cm":3432,"minecraft:enchant_item":6,"minecraft:play_one_minute":5622250,"minecraft:time_since_rest":89817,"minecraft:open_enderchest":3,"minecraft:damage_taken":90997,"minecraft:damage_dealt":7505,"minecraft:swim_one_cm":4257,"minecraft:fly_one_cm":13006724,"minecraft:player_kills":3,"minecraft:open_chest":7,"minecraft:crouch_one_cm":152762,"minecraft:aviate_one_cm":1886390,"minecraft:fall_one_cm":1201306}},"DataVersion":1631}