{"stats":{"minecraft:picked_up":{"minecraft:lingering_potion":3,"minecraft:milk_bucket":1,"minecraft:purple_dye":3,"minecraft:splash_potion":6,"minecraft:jukebox":2,"minecraft:oak_door":1,"minecraft:leather_leggings":3,"minecraft:oak_fence":60,"minecraft:snow_block":4,"minecraft:potion":2,"minecraft:golden_shovel":1,"minecraft:chainmail_chestplate":1,"minecraft:experience_bottle":30,"minecraft:diamond_shovel":1,"minecraft:iron_shovel":2,"minecraft:arrow":5,"minecraft:creeper_spawn_egg":6,"minecraft:writable_book":2,"minecraft:written_book":2,"minecraft:chorus_fruit":3,"minecraft:blaze_powder":1,"minecraft:ender_pearl":2},"minecraft:killed_by":{"minecraft:player":3,"minecraft:creeper":12,"minecraft:zombie":1},"minecraft:broken":{"minecraft:golden_shovel":2,"minecraft:iron_shovel":1},"minecraft:used":{"minecraft:oak_fence":20,"minecraft:trident":12,"minecraft:diamond_shovel":3743,"minecraft:iron_shovel":250,"minecraft:flint_and_steel":2,"minecraft:snow_block":10,"minecraft:pufferfish_spawn_egg":25,"minecraft:ender_pearl":4,"minecraft:sign":15,"minecraft:white_terracotta":45,"minecraft:tropical_fish_spawn_egg":6,"minecraft:redstone_block":6,"minecraft:magma_cube_spawn_egg":21,"minecraft:potion":2,"minecraft:bow":30,"minecraft:written_book":5,"minecraft:tnt":32,"minecraft:chain_command_block":4,"minecraft:golden_shovel":1822,"minecraft:lingering_potion":1,"minecraft:splash_potion":6,"minecraft:jukebox":1,"minecraft:milk_bucket":1,"minecraft:experience_bottle":20,"minecraft:creeper_spawn_egg":12},"minecraft:dropped":{"minecraft:snow_block":4,"minecraft:chorus_fruit":3,"minecraft:oak_fence":8,"minecraft:writable_book":2,"minecraft:diamond_shovel":3,"minecraft:blaze_powder":33,"minecraft:golden_shovel":1,"minecraft:purple_dye":2,"minecraft:written_book":50},"minecraft:killed":{"minecraft:zombie":2},"minecraft:mined":{"minecraft:snow_block":5770,"minecraft:snow":3,"minecraft:jukebox":22,"minecraft:tnt":5},"minecraft:custom":{"minecraft:time_since_rest":16895,"minecraft:sprint_one_cm":558850,"minecraft:damage_taken":36691,"minecraft:walk_one_cm":325585,"minecraft:mob_kills":3,"minecraft:drop":106,"minecraft:damage_dealt":787,"minecraft:fly_one_cm":538099,"minecraft:play_one_minute":2430364,"minecraft:crouch_one_cm":7651,"minecraft:deaths":56,"minecraft:sneak_time":6140,"minecraft:aviate_one_cm":1516710,"minecraft:jump":1555,"minecraft:leave_game":79,"minecraft:time_since_death":16591,"minecraft:damage_resisted":31607,"minecraft:fall_one_cm":545859}},"DataVersion":1631}