{"stat.breakItem.minecraft.flint_and_steel":3,"stat.useItem.minecraft.bow":21,"stat.pickup.minecraft.flint_and_steel":1,"stat.walkOneCm":62411,"stat.pickup.minecraft.lingering_potion":4,"stat.drop.minecraft.wooden_shovel":2,"achievement.openInventory":6,"stat.useItem.minecraft.flint_and_steel":7,"stat.leaveGame":1,"stat.damageTaken":1683,"stat.useItem.minecraft.tnt":18,"stat.useItem.minecraft.lingering_potion":3,"stat.entityKilledBy.Creeper":2,"stat.breakItem.minecraft.golden_shovel":10,"stat.drop.minecraft.jukebox":1,"stat.flyOneCm":65479,"stat.deaths":2,"stat.useItem.minecraft.ender_pearl":2,"stat.mineBlock.minecraft.snow":890,"stat.drop":3,"stat.jump":215,"stat.useItem.minecraft.snow":7,"stat.playOneMinute":35930,"stat.useItem.minecraft.experience_bottle":10,"stat.fallOneCm":11643,"stat.pickup.minecraft.jukebox":1,"stat.useItem.minecraft.golden_shovel":703,"stat.sneakTime":746,"stat.crouchOneCm":2150,"stat.timeSinceDeath":16181,"stat.mineBlock.minecraft.jukebox":7,"stat.sprintOneCm":162645,"stat.useItem.minecraft.diamond_shovel":193,"stat.pickup.minecraft.experience_bottle":10,"stat.useItem.minecraft.spawn_egg":35,"stat.pickup.minecraft.bow":1,"achievement.exploreAllBiomes":{"value":0,"progress":["Plains"]}}