{
    "condition": "minecraft:all_of",
    "terms": [
      {
        "condition": "minecraft:location_check",
        "predicate": {
          "fluid": {
            "fluids": [
              "minecraft:water",
              "minecraft:flowing_water"
            ]
          }
        }
      },
      {
        "condition": "minecraft:inverted",
        "term": {
          "condition": "minecraft:location_check",
          "predicate": {
            "block": {
              "blocks": [
                "minecraft:kelp_plant",
                "minecraft:seagrass",
                "minecraft:bubble_column"
              ]
            }
          }
        }
      }
    ]
  }