{"stats":{"minecraft:picked_up":{"minecraft:wheat_seeds":2,"minecraft:carrot":31,"minecraft:dirt":1},"minecraft:mined":{"minecraft:grass":8,"minecraft:grass_block":7,"minecraft:carrots":6,"minecraft:dirt":4,"minecraft:tall_grass":6},"minecraft:crafted":{"minecraft:water_bucket":7},"minecraft:custom":{"minecraft:time_since_rest":12588,"minecraft:open_chest":8,"minecraft:crouch_one_cm":107,"minecraft:sprint_one_cm":46137,"minecraft:play_time":12588,"minecraft:walk_one_cm":28723,"minecraft:sneak_time":41,"minecraft:jump":143,"minecraft:leave_game":2,"minecraft:time_since_death":12588,"minecraft:walk_on_water_one_cm":22,"minecraft:traded_with_villager":1,"minecraft:total_world_time":12951,"minecraft:interact_with_crafting_table":1,"minecraft:talked_to_villager":6,"minecraft:fall_one_cm":2299,"minecraft:fly_one_cm":34630},"minecraft:used":{"minecraft:carrot":6}},"DataVersion":3337}