{"stats":{"minecraft:picked_up":{"minecraft:wheat":26,"minecraft:potato":1,"minecraft:carrot":31,"minecraft:dirt":17,"minecraft:wheat_seeds":84,"minecraft:melon_slice":21,"minecraft:coal":7,"minecraft:cobblestone":15},"minecraft:mined":{"minecraft:carrots":10,"minecraft:wheat":26,"minecraft:grass":42,"minecraft:potatoes":1,"minecraft:grass_block":13,"minecraft:coal_ore":7,"minecraft:melon":4,"minecraft:dirt":2,"minecraft:stone":15},"minecraft:crafted":{"minecraft:oak_planks":8,"minecraft:oak_sapling":7,"minecraft:melon_seeds":12,"minecraft:stick":8,"minecraft:stone_pickaxe":1,"minecraft:stone_sword":1,"minecraft:stone_hoe":1,"minecraft:potato":2},"minecraft:custom":{"minecraft:time_since_rest":11576,"minecraft:sprint_one_cm":41170,"minecraft:walk_one_cm":46401,"minecraft:traded_with_villager":6,"minecraft:interact_with_crafting_table":7,"minecraft:talked_to_villager":10,"minecraft:fly_one_cm":35732,"minecraft:open_chest":15,"minecraft:crouch_one_cm":3200,"minecraft:play_time":11576,"minecraft:sneak_time":1042,"minecraft:jump":198,"minecraft:leave_game":1,"minecraft:time_since_death":11576,"minecraft:total_world_time":11576,"minecraft:fall_one_cm":5434},"minecraft:used":{"minecraft:wheat_seeds":54,"minecraft:water_bucket":1,"minecraft:stone_sword":4,"minecraft:stone_pickaxe":23,"minecraft:stone_hoe":61,"minecraft:oak_sapling":7,"minecraft:blast_furnace":5,"minecraft:carrot":40,"minecraft:potato":3}},"DataVersion":3337}