{"stats":{"minecraft:picked_up":{"minecraft:wheat":23,"minecraft:wheat_seeds":61,"minecraft:carrot":77,"minecraft:melon_slice":5,"minecraft:dirt":96},"minecraft:mined":{"minecraft:grass":6,"minecraft:grass_block":101,"minecraft:melon":1,"minecraft:carrots":21,"minecraft:wheat":24},"minecraft:dropped":{"minecraft:wheat_seeds":1,"minecraft:carrot":8},"minecraft:crafted":{"minecraft:tnt":6,"minecraft:oak_planks":8,"minecraft:stone_shovel":1,"minecraft:stone_hoe":1,"minecraft:stick":8,"minecraft:stone_pickaxe":1},"minecraft:custom":{"minecraft:time_since_rest":10880,"minecraft:open_chest":8,"minecraft:crouch_one_cm":872,"minecraft:play_time":10880,"minecraft:sprint_one_cm":878,"minecraft:walk_one_cm":57659,"minecraft:sneak_time":311,"minecraft:drop":9,"minecraft:jump":30,"minecraft:interact_with_blast_furnace":1,"minecraft:leave_game":1,"minecraft:walk_on_water_one_cm":82,"minecraft:time_since_death":10880,"minecraft:traded_with_villager":1,"minecraft:total_world_time":10880,"minecraft:talked_to_villager":3,"minecraft:interact_with_crafting_table":4,"minecraft:fall_one_cm":209,"minecraft:fly_one_cm":26},"minecraft:used":{"minecraft:stone_hoe":32,"minecraft:wheat_seeds":26,"minecraft:dirt":3,"minecraft:crafting_table":1,"minecraft:stone_shovel":102,"minecraft:carrot":25,"minecraft:melon_seeds":5}},"DataVersion":3337}