{"stats":{"minecraft:picked_up":{"minecraft:clay_ball":12,"minecraft:wheat_seeds":2,"minecraft:granite":1,"minecraft:sand":1,"minecraft:carrot":30,"minecraft:oak_log":4,"minecraft:diorite":7,"minecraft:dirt":8,"minecraft:cobblestone":36},"minecraft:mined":{"minecraft:granite":1,"minecraft:grass_block":2,"minecraft:oak_log":2,"minecraft:farmland":1,"minecraft:carrots":9,"minecraft:sand":1,"minecraft:dirt":5,"minecraft:wheat":1,"minecraft:stone":37,"minecraft:diorite":7,"minecraft:clay":3},"minecraft:crafted":{"minecraft:oak_planks":16,"minecraft:stick":4,"minecraft:wooden_pickaxe":1},"minecraft:custom":{"minecraft:time_since_rest":10274,"minecraft:play_time":10274,"minecraft:damage_taken":30,"minecraft:walk_one_cm":19293,"minecraft:walk_under_water_one_cm":985,"minecraft:jump":48,"minecraft:leave_game":1,"minecraft:time_since_death":10274,"minecraft:walk_on_water_one_cm":9159,"minecraft:climb_one_cm":41,"minecraft:damage_resisted":50,"minecraft:total_world_time":10274,"minecraft:talked_to_villager":3,"minecraft:interact_with_crafting_table":2,"minecraft:fall_one_cm":1591,"minecraft:fly_one_cm":1496},"minecraft:used":{"minecraft:wheat_seeds":2,"minecraft:dirt":6,"minecraft:wooden_pickaxe":48}},"DataVersion":3337}