{"stats":{"minecraft:picked_up":{"minecraft:wheat":3,"minecraft:brown_mushroom":1,"minecraft:potato":1,"minecraft:oak_log":5,"minecraft:lily_pad":1,"minecraft:carrot":54,"minecraft:dirt":28,"minecraft:wheat_seeds":13},"minecraft:mined":{"minecraft:seagrass":6,"minecraft:carrots":15,"minecraft:wheat":3,"minecraft:grass":6,"minecraft:grass_block":26,"minecraft:potatoes":1,"minecraft:oak_log":7,"minecraft:vine":3,"minecraft:dirt":2,"minecraft:lily_pad":1},"minecraft:crafted":{"minecraft:oak_planks":18,"minecraft:wooden_hoe":1,"minecraft:crafting_table":1,"minecraft:stick":4,"minecraft:water_bucket":6},"minecraft:custom":{"minecraft:time_since_rest":10809,"minecraft:sprint_one_cm":2320,"minecraft:damage_taken":30,"minecraft:walk_one_cm":34342,"minecraft:mob_kills":1,"minecraft:damage_dealt":10,"minecraft:traded_with_villager":1,"minecraft:interact_with_crafting_table":3,"minecraft:talked_to_villager":1,"minecraft:fly_one_cm":2069,"minecraft:open_chest":2,"minecraft:crouch_one_cm":136,"minecraft:play_time":10809,"minecraft:sneak_time":42,"minecraft:walk_under_water_one_cm":4755,"minecraft:jump":51,"minecraft:leave_game":1,"minecraft:walk_on_water_one_cm":8132,"minecraft:time_since_death":10809,"minecraft:total_world_time":10809,"minecraft:climb_one_cm":257,"minecraft:damage_resisted":210,"minecraft:fall_one_cm":3134},"minecraft:used":{"minecraft:wheat_seeds":23,"minecraft:wooden_hoe":49,"minecraft:melon_seeds":7,"minecraft:dirt":4,"minecraft:crafting_table":1,"minecraft:carrot":19,"minecraft:potato":1}},"DataVersion":3337}