{"stats":{"minecraft:picked_up":{"minecraft:wheat_seeds":3,"minecraft:dirt":2},"minecraft:mined":{"minecraft:grass":11,"minecraft:grass_block":1},"minecraft:custom":{"minecraft:jump":24,"minecraft:open_chest":3,"minecraft:time_since_rest":9422,"minecraft:crouch_one_cm":586,"minecraft:leave_game":1,"minecraft:play_time":9422,"minecraft:walk_on_water_one_cm":338,"minecraft:time_since_death":9422,"minecraft:walk_one_cm":23595,"minecraft:sneak_time":240,"minecraft:total_world_time":9422,"minecraft:walk_under_water_one_cm":215,"minecraft:talked_to_villager":4,"minecraft:fall_one_cm":627,"minecraft:fly_one_cm":10623}},"DataVersion":3337}