{"stats":{"minecraft:picked_up":{"minecraft:stone_axe":1,"minecraft:potato":30,"minecraft:oak_log":5,"minecraft:carrot":29,"minecraft:oak_sapling":1,"minecraft:dirt":9},"minecraft:mined":{"minecraft:grass":1,"minecraft:potatoes":7,"minecraft:grass_block":7,"minecraft:oak_log":5,"minecraft:vine":1,"minecraft:carrots":7,"minecraft:dirt":1},"minecraft:custom":{"minecraft:time_since_rest":11815,"minecraft:open_chest":2,"minecraft:crouch_one_cm":555,"minecraft:play_time":11815,"minecraft:sprint_one_cm":2420,"minecraft:damage_taken":30,"minecraft:walk_one_cm":30152,"minecraft:sneak_time":143,"minecraft:walk_under_water_one_cm":2063,"minecraft:jump":84,"minecraft:leave_game":1,"minecraft:time_since_death":11815,"minecraft:walk_on_water_one_cm":11062,"minecraft:climb_one_cm":1096,"minecraft:total_world_time":11815,"minecraft:talked_to_villager":4,"minecraft:fall_one_cm":823,"minecraft:fly_one_cm":3118},"minecraft:used":{"minecraft:melon_seeds":1,"minecraft:stone_axe":5,"minecraft:dirt":7,"minecraft:carrot":15,"minecraft:potato":10}},"DataVersion":3337}