{"stats":{"minecraft:picked_up":{"minecraft:potato":18,"minecraft:carrot":10,"minecraft:dirt":9,"minecraft:stone_axe":1,"minecraft:wheat_seeds":1},"minecraft:mined":{"minecraft:farmland":2,"minecraft:carrots":3,"minecraft:grass":11,"minecraft:potatoes":8,"minecraft:grass_block":5,"minecraft:dirt":5,"minecraft:oak_leaves":3},"minecraft:dropped":{"minecraft:stone_axe":2},"minecraft:crafted":{"minecraft:oak_planks":32,"minecraft:wooden_shovel":1,"minecraft:stick":12,"minecraft:stone_pickaxe":1,"minecraft:stone_sword":1,"minecraft:stone_hoe":1,"minecraft:stone_axe":1},"minecraft:custom":{"minecraft:time_since_rest":10906,"minecraft:sprint_one_cm":11656,"minecraft:damage_taken":250,"minecraft:walk_one_cm":19136,"minecraft:drop":2,"minecraft:damage_dealt":235,"minecraft:interact_with_crafting_table":4,"minecraft:talked_to_villager":1,"minecraft:fly_one_cm":11217,"minecraft:open_chest":12,"minecraft:crouch_one_cm":917,"minecraft:play_time":10906,"minecraft:sneak_time":258,"minecraft:walk_under_water_one_cm":282,"minecraft:jump":72,"minecraft:leave_game":1,"minecraft:walk_on_water_one_cm":2259,"minecraft:time_since_death":10906,"minecraft:total_world_time":10906,"minecraft:climb_one_cm":1532,"minecraft:damage_resisted":580,"minecraft:fall_one_cm":10454},"minecraft:used":{"minecraft:wheat_seeds":1,"minecraft:writable_book":2,"minecraft:stone_sword":8,"minecraft:wooden_shovel":10,"minecraft:stone_hoe":54,"minecraft:dirt":22,"minecraft:crafting_table":1,"minecraft:carrot":22,"minecraft:potato":26}},"DataVersion":3337}