{"stat.damageDealt":665,"stat.crouchOneCm":2076,"stat.useItem.minecraft.golden_shovel":891,"achievement.exploreAllBiomes":{"value":0,"progress":["Plains"]},"stat.useItem.minecraft.diamond_shovel":97,"achievement.openInventory":5,"stat.useItem.minecraft.flint_and_steel":5,"stat.useItem.minecraft.potion":2,"stat.fallOneCm":19149,"stat.flyOneCm":231493,"stat.useItem.minecraft.jukebox":2,"stat.damageTaken":4455,"stat.entityKilledBy.Creeper":6,"stat.timeSinceDeath":2458,"stat.mineBlock.minecraft.snow_layer":12,"stat.playOneMinute":29238,"stat.leaveGame":3,"stat.useItem.minecraft.ender_pearl":3,"stat.breakItem.minecraft.golden_shovel":6,"stat.useItem.minecraft.snow":7,"stat.deaths":9,"stat.jump":731,"stat.useItem.minecraft.armor_stand":1,"stat.mobKills":1,"stat.useItem.minecraft.spawn_egg":66,"stat.walkOneCm":316835,"stat.mineBlock.minecraft.snow":970,"stat.sprintOneCm":193510}