{"stat.useItem.minecraft.bow":2528,"stat.useItem.minecraft.chain_command_block":438,"stat.useItem.minecraft.quartz_block":484,"stat.leaveGame":510,"stat.pickup.minecraft.deadbush":2,"stat.pickup.minecraft.record_stal":1,"stat.useItem.minecraft.repeating_command_block":50,"stat.useItem.minecraft.glowstone":11,"stat.killEntity.PigZombie":1,"stat.useItem.minecraft.planks":177,"stat.useItem.minecraft.golden_shovel":27548,"stat.useItem.minecraft.fire_charge":3,"stat.entityKilledBy.PigZombie":1,"stat.pickup.minecraft.sand":1,"stat.entityKilledBy.Spider":1,"stat.useItem.minecraft.record_cat":2,"stat.useItem.minecraft.anvil":3,"stat.mineBlock.minecraft.snow_layer":20,"stat.useItem.minecraft.ender_pearl":237,"stat.useItem.minecraft.record_strad":3,"stat.killEntity.Villager":6,"stat.useItem.minecraft.fence_gate":1,"stat.useItem.minecraft.spawn_egg":1468,"stat.drop.minecraft.ender_eye":1,"stat.pickup.minecraft.packed_ice":1,"stat.useItem.minecraft.iron_shovel":372,"stat.breakItem.minecraft.flint_and_steel":4,"stat.pickup.minecraft.armor_stand":7,"stat.drop.minecraft.wooden_shovel":4,"stat.pickup.minecraft.record_far":1,"stat.craftItem.minecraft.leather_helmet":2,"stat.useItem.minecraft.redstone":1751,"stat.useItem.minecraft.trapdoor":46,"stat.useItem.minecraft.stained_glass":18,"stat.useItem.minecraft.fence":63,"stat.useItem.minecraft.ice":76,"achievement.openInventory":2088,"stat.pickup.minecraft.potion":4,"stat.useItem.minecraft.flint_and_steel":343,"stat.useItem.minecraft.lingering_potion":15,"stat.useItem.minecraft.hopper":24,"stat.pickup.minecraft.lever":1,"stat.deaths":358,"stat.drop.minecraft.chain_command_block":1,"stat.playOneMinute":5368793,"stat.pickup.minecraft.item_frame":14,"stat.drop.minecraft.glass_bottle":1,"stat.useItem.minecraft.jukebox":23,"stat.chestOpened":8,"stat.useItem.minecraft.splash_potion":8,"stat.recordPlayed":11,"stat.useItem.minecraft.stone":24,"stat.drop.minecraft.packed_ice":4,"stat.pickup.minecraft.arrow":15,"stat.useItem.minecraft.packed_ice":276,"stat.useItem.minecraft.experience_bottle":331,"stat.fallOneCm":1286670,"stat.drop.minecraft.stone":1,"stat.crouchOneCm":116272,"stat.drop.minecraft.bone":1,"stat.useItem.minecraft.furnace":4,"stat.mineBlock.minecraft.snow":48735,"stat.useItem.minecraft.record_chirp":2,"stat.drop.minecraft.snow":9,"stat.useItem.minecraft.wool":460,"stat.useItem.minecraft.record_13":1,"stat.mineBlock.minecraft.dirt":1,"stat.drop.minecraft.stick":3,"stat.useItem.minecraft.iron_bars":4,"stat.pickup.minecraft.record_13":1,"stat.pickup.minecraft.flint_and_steel":2,"stat.useItem.minecraft.torch":63,"stat.pickup.minecraft.golden_apple":3,"stat.useItem.minecraft.comparator":120,"stat.useItem.minecraft.cobblestone":5,"stat.useItem.minecraft.record_far":2,"stat.drop.minecraft.sign":1,"stat.useItem.minecraft.glass_pane":28,"stat.drop.minecraft.bow":1,"stat.useItem.minecraft.record_mellohi":1,"stat.entityKilledBy.Wolf":1,"stat.useItem.minecraft.barrier":486,"stat.craftItem.minecraft.snow":16,"stat.useItem.minecraft.daylight_detector":3,"stat.sneakTime":52558,"stat.useItem.minecraft.brewing_stand":1,"stat.mineBlock.minecraft.jukebox":214,"stat.useItem.minecraft.record_blocks":2,"stat.useItem.minecraft.fishing_rod":2,"stat.pickup.minecraft.lingering_potion":18,"stat.pickup.minecraft.bone":4,"stat.useItem.minecraft.repeater":374,"stat.pickup.minecraft.record_blocks":1,"stat.useItem.minecraft.beacon":1,"stat.useItem.minecraft.skull":26,"stat.useItem.minecraft.diamond_sword":35,"stat.swimOneCm":1759,"stat.useItem.minecraft.snow":828,"stat.climbOneCm":10296,"stat.useItem.minecraft.redstone_torch":260,"stat.useItem.minecraft.obsidian":4,"stat.useItem.minecraft.dirt":43,"achievement.exploreAllBiomes":{"value":0,"progress":["Plains"]},"stat.pickup.minecraft.chorus_fruit_popped":5,"stat.useItem.minecraft.egg":904,"stat.pickup.minecraft.anvil":1,"stat.pickup.minecraft.record_chirp":1,"stat.useItem.minecraft.stone_shovel":13,"stat.flyOneCm":28373855,"stat.pickup.minecraft.glass_bottle":1,"stat.useItem.minecraft.cooked_beef":2,"stat.timeSinceDeath":35287,"stat.useItem.minecraft.sign":1220,"stat.killEntity.Bat":18,"stat.drop.minecraft.coal":32,"stat.useItem.minecraft.lever":209,"stat.drop.minecraft.golden_boots":2,"stat.pickup.minecraft.iron_shovel":2,"stat.pickup.minecraft.diamond_shovel":79,"stat.drop.minecraft.wool":1,"stat.useItem.minecraft.armor_stand":17,"stat.talkedToVillager":2,"stat.drop.minecraft.spawn_egg":9,"stat.useItem.minecraft.sea_lantern":27,"stat.useItem.minecraft.milk_bucket":1,"stat.entityKilledBy.Skeleton":8,"stat.useItem.minecraft.diamond_shovel":21063,"stat.useItem.minecraft.diamond_block":61,"stat.sprintOneCm":8733436,"stat.drop.minecraft.potion":3,"stat.useItem.minecraft.stone_slab":200,"stat.useItem.minecraft.snowball":351,"stat.useItem.minecraft.stone_pressure_plate":206,"stat.useItem.minecraft.diamond_pickaxe":5,"stat.useItem.minecraft.wooden_shovel":1,"stat.entityKilledBy.Creeper":37,"stat.breakItem.minecraft.golden_shovel":143,"stat.pickup.minecraft.spawn_egg":166,"stat.drop":534,"stat.useItem.minecraft.wooden_sword":7,"stat.pickup.minecraft.jukebox":2,"stat.useItem.minecraft.banner":118,"stat.useItem.minecraft.ladder":8,"stat.killEntity.Zombie":1,"stat.diveOneCm":309,"stat.pickup.minecraft.record_strad":2,"stat.useItem.minecraft.sticky_piston":2,"stat.useItem.minecraft.record_wait":2,"stat.useItem.minecraft.quartz_stairs":101,"stat.drop.minecraft.chorus_fruit_popped":17,"stat.killEntity.Slime":10,"stat.useItem.minecraft.diamond_axe":46,"stat.drop.minecraft.golden_shovel":2,"stat.useItem.minecraft.heavy_weighted_pressure_plate":9,"stat.useItem.minecraft.potion":81,"stat.useItem.minecraft.iron_trapdoor":9,"stat.jump":25024,"stat.pickup.minecraft.coal":80,"stat.useItem.minecraft.stone_button":131,"stat.pickup.minecraft.experience_bottle":50,"stat.useItem.minecraft.light_weighted_pressure_plate":5,"stat.useItem.minecraft.glass":116,"stat.pickup.minecraft.snow":28,"stat.useItem.minecraft.redstone_lamp":12,"stat.damageTaken":164225,"stat.useItem.minecraft.end_crystal":3,"stat.useItem.minecraft.gold_block":97,"stat.entityKilledBy.Zombie":6,"stat.pickup.minecraft.diamond_axe":5,"stat.damageDealt":7960,"stat.useItem.minecraft.crafting_table":2,"stat.pickup.minecraft.record_wait":1,"stat.useItem.minecraft.command_block":1588,"stat.walkOneCm":11692830,"stat.useItem.minecraft.chest":4,"stat.playerKills":3,"stat.useItem.minecraft.tnt":720,"stat.useItem.minecraft.redstone_block":211,"stat.useItem.minecraft.item_frame":10,"stat.pickup.minecraft.stone":8,"stat.pickup.minecraft.ender_pearl":12,"stat.mineBlock.minecraft.packed_ice":1,"stat.useItem.minecraft.record_mall":1,"stat.killEntity.Skeleton":6,"stat.pickup.minecraft.record_mall":1,"stat.pickup.minecraft.record_mellohi":1,"stat.mineBlock.minecraft.tnt":3,"stat.drop.minecraft.deadbush":1,"stat.killEntity.Chicken":2,"stat.mineBlock.minecraft.redstone_torch":3,"stat.useItem.minecraft.iron_block":3615,"stat.killEntity.Spider":1,"stat.mobKills":190,"stat.useItem.minecraft.golden_apple":6,"stat.useItem.minecraft.cobblestone_wall":6,"stat.pickup.minecraft.diamond":1,"stat.breakItem.minecraft.diamond_shovel":41,"stat.breakItem.minecraft.wooden_shovel":1,"stat.drop.minecraft.diamond_shovel":1,"stat.drop.minecraft.arrow":5,"stat.useItem.minecraft.record_stal":1,"stat.mineBlock.minecraft.stone":1}