{"stat.useItem.minecraft.bow":147,"stat.pickup.minecraft.lingering_potion":10,"stat.pickup.minecraft.bone":5,"stat.useItem.minecraft.quartz_block":14,"stat.leaveGame":240,"stat.pickup.minecraft.deadbush":4,"stat.entityKilledBy.Witch":1,"stat.useItem.minecraft.snow":316,"stat.useItem.minecraft.planks":27,"stat.climbOneCm":842,"stat.useItem.minecraft.golden_shovel":6686,"stat.useItem.minecraft.dirt":5,"stat.pickup.minecraft.bow":3,"achievement.exploreAllBiomes":{"value":0,"progress":["Plains"]},"stat.pickup.minecraft.chorus_fruit_popped":2,"stat.pickup.minecraft.splash_potion":13,"stat.useItem.minecraft.egg":35,"stat.drop.minecraft.splash_potion":1,"stat.flyOneCm":3424928,"stat.useItem.minecraft.ender_pearl":322,"stat.pickup.minecraft.chainmail_chestplate":1,"stat.timeSinceDeath":66291,"stat.useItem.minecraft.sign":17,"stat.useItem.minecraft.spawn_egg":129,"stat.drop.minecraft.ender_eye":1,"stat.useItem.minecraft.iron_shovel":249,"stat.breakItem.minecraft.flint_and_steel":2,"stat.pickup.minecraft.armor_stand":4,"stat.drop.minecraft.wooden_shovel":1,"stat.pickup.minecraft.iron_shovel":2,"stat.pickup.minecraft.diamond_shovel":2,"stat.useItem.minecraft.armor_stand":8,"stat.drop.minecraft.spawn_egg":15,"stat.useItem.minecraft.redstone":1,"stat.useItem.minecraft.milk_bucket":2,"stat.entityKilledBy.Skeleton":2,"stat.useItem.minecraft.trapdoor":15,"stat.useItem.minecraft.diamond_shovel":1804,"stat.useItem.minecraft.diamond_block":31,"stat.sprintOneCm":2112810,"stat.useItem.minecraft.fence":5,"stat.drop.minecraft.potion":1,"stat.useItem.minecraft.stone_slab":65,"achievement.openInventory":260,"stat.pickup.minecraft.potion":8,"stat.useItem.minecraft.snowball":15,"stat.useItem.minecraft.flint_and_steel":206,"stat.useItem.minecraft.lingering_potion":11,"stat.entityKilledBy.Creeper":49,"stat.breakItem.minecraft.golden_shovel":34,"stat.pickup.minecraft.spawn_egg":70,"stat.deaths":373,"stat.drop":118,"stat.playOneMinute":1254497,"stat.pickup.minecraft.jukebox":12,"stat.entityKilledBy.Slime":1,"stat.pickup.minecraft.item_frame":2,"stat.useItem.minecraft.jukebox":94,"stat.chestOpened":28,"stat.useItem.minecraft.splash_potion":12,"stat.useItem.minecraft.stone":1,"stat.useItem.minecraft.quartz_stairs":6,"stat.pickup.minecraft.arrow":20,"stat.killEntity.Slime":1,"stat.useItem.minecraft.diamond_axe":141,"stat.drop.minecraft.golden_shovel":2,"stat.useItem.minecraft.potion":19,"stat.jump":10684,"stat.breakItem.minecraft.leather_helmet":1,"stat.useItem.minecraft.experience_bottle":76,"stat.pickup.minecraft.coal":48,"stat.fallOneCm":1153145,"stat.crouchOneCm":38412,"stat.mineBlock.minecraft.chest":1,"stat.pickup.minecraft.experience_bottle":10,"stat.pickup.minecraft.snow":49,"stat.damageTaken":130003,"stat.pickup.minecraft.ender_eye":1,"stat.mineBlock.minecraft.snow":8585,"stat.entityKilledBy.Zombie":2,"stat.pickup.minecraft.diamond_axe":4,"stat.damageDealt":2441,"stat.useItem.minecraft.wool":28,"stat.useItem.minecraft.command_block":1,"stat.pickup.minecraft.flint_and_steel":5,"stat.walkOneCm":3984310,"stat.pickup.minecraft.golden_apple":3,"stat.useItem.minecraft.chest":4,"stat.playerKills":1,"stat.useItem.minecraft.tnt":24,"stat.pickup.minecraft.ender_pearl":6,"stat.mineBlock.minecraft.tnt":120,"stat.drop.minecraft.deadbush":1,"stat.killEntity.Chicken":3,"stat.craftItem.minecraft.snow":23,"stat.useItem.minecraft.iron_block":3,"stat.killEntity.Spider":1,"stat.mobKills":17,"stat.useItem.minecraft.golden_apple":5,"stat.pickup.minecraft.golden_shovel":2,"stat.breakItem.minecraft.diamond_shovel":1,"stat.sneakTime":1338,"stat.drop.minecraft.diamond_shovel":1,"stat.useItem.minecraft.chorus_fruit":17,"stat.mineBlock.minecraft.jukebox":232}