{"stat.walkOneCm":136333,"stat.leaveGame":12,"stat.killEntity.Slime":1,"stat.useItem.minecraft.armor_stand":1,"stat.useItem.minecraft.potion":1,"stat.jump":531,"stat.fallOneCm":47964,"stat.useItem.minecraft.golden_shovel":242,"stat.crouchOneCm":1045,"stat.useItem.minecraft.diamond_shovel":329,"stat.sprintOneCm":68375,"achievement.exploreAllBiomes":{"value":0,"progress":["Plains"]},"achievement.openInventory":8,"stat.damageTaken":7565,"stat.mobKills":1,"stat.entityKilledBy.Creeper":6,"stat.breakItem.minecraft.golden_shovel":2,"stat.flyOneCm":169986,"stat.useItem.minecraft.ender_pearl":22,"stat.deaths":17,"stat.mineBlock.minecraft.snow":556,"stat.playOneMinute":61027,"stat.damageDealt":150,"stat.timeSinceDeath":35,"stat.mineBlock.minecraft.jukebox":13,"stat.useItem.minecraft.jukebox":1,"stat.useItem.minecraft.iron_shovel":1}