{
    "type": "minecraft:entity",
    "pools": [
      {
        "rolls": 1,
        "entries": [
          {
            "type": "minecraft:item",
            "name": "minecraft:nether_star",
            "functions": [
              {
                "function": "minecraft:copy_nbt",
                "source": "this",
                "ops": [
                  {
                    "source": "Tags",
                    "target": "OriginatorTags",
                    "op": "append"
                  },
                  {
                    "source": "CustomName",
                    "target": "CustomName",
                    "op": "append"
                  }
                ]
              }
            ]
          }
        ]
      }
    ]
  }